{
    "Number_of_nodes": 104,
    "Number_of_edges": 312,
    "Average_clustering_coefficient": 0.33474511599511586,
    "Average_shortest_path_length": 3.2231142643764,
    "Connections": {
        "1": [
            104,
            3,
            4,
            79,
            39
        ],
        "2": [
            3,
            4,
            104,
            103,
            41,
            68
        ],
        "3": [
            1,
            2,
            4,
            5,
            104,
            62
        ],
        "4": [
            1,
            2,
            3,
            5,
            6,
            82
        ],
        "5": [
            3,
            4,
            78,
            98,
            25,
            46
        ],
        "6": [
            4,
            8,
            9,
            94,
            88
        ],
        "7": [
            8,
            9,
            10,
            50
        ],
        "8": [
            6,
            7,
            9,
            10,
            11,
            102
        ],
        "9": [
            6,
            7,
            8,
            10,
            11,
            62
        ],
        "10": [
            7,
            8,
            9,
            12,
            13,
            99,
            50
        ],
        "11": [
            8,
            9,
            12,
            13,
            14
        ],
        "12": [
            10,
            11,
            13,
            14,
            53
        ],
        "13": [
            10,
            11,
            12,
            15,
            16,
            97,
            48,
            43
        ],
        "14": [
            11,
            12,
            15,
            17,
            93,
            81
        ],
        "15": [
            13,
            14,
            16,
            17,
            18
        ],
        "16": [
            13,
            15,
            17,
            18,
            19,
            24
        ],
        "17": [
            14,
            15,
            16,
            18,
            19,
            96
        ],
        "18": [
            15,
            16,
            17,
            19,
            21,
            99
        ],
        "19": [
            16,
            17,
            18,
            20,
            21,
            22,
            25
        ],
        "20": [
            19,
            21,
            22,
            25
        ],
        "21": [
            18,
            19,
            20,
            86,
            104,
            65
        ],
        "22": [
            19,
            20,
            24,
            25,
            50
        ],
        "23": [
            25,
            27,
            90,
            28
        ],
        "24": [
            16,
            22,
            26,
            27
        ],
        "25": [
            5,
            19,
            20,
            22,
            23,
            26,
            35
        ],
        "26": [
            24,
            25,
            27,
            28,
            29
        ],
        "27": [
            23,
            24,
            26,
            28,
            29,
            30,
            37,
            84,
            99
        ],
        "28": [
            23,
            26,
            27,
            29,
            30,
            31,
            49
        ],
        "29": [
            26,
            27,
            28,
            30,
            31,
            66
        ],
        "30": [
            27,
            28,
            29,
            31,
            32,
            33
        ],
        "31": [
            28,
            29,
            30,
            32,
            34,
            36,
            53,
            61
        ],
        "32": [
            30,
            31,
            33,
            34,
            35
        ],
        "33": [
            30,
            32,
            36,
            77,
            58
        ],
        "34": [
            31,
            32,
            35,
            36,
            37
        ],
        "35": [
            25,
            32,
            34,
            36,
            37,
            38,
            93
        ],
        "36": [
            31,
            33,
            34,
            35,
            38,
            39,
            53
        ],
        "37": [
            27,
            34,
            35,
            38,
            40
        ],
        "38": [
            35,
            36,
            37,
            39,
            40,
            41,
            62
        ],
        "39": [
            1,
            36,
            38,
            41,
            59,
            89
        ],
        "40": [
            37,
            38,
            41,
            42,
            43,
            100
        ],
        "41": [
            2,
            38,
            39,
            40,
            43,
            75
        ],
        "42": [
            40,
            43,
            44,
            45,
            96
        ],
        "43": [
            13,
            40,
            41,
            42,
            44,
            45
        ],
        "44": [
            42,
            43,
            45,
            46,
            47
        ],
        "45": [
            42,
            43,
            44,
            46,
            47,
            48
        ],
        "46": [
            5,
            44,
            45,
            47,
            48,
            49
        ],
        "47": [
            44,
            45,
            46,
            48,
            49,
            81
        ],
        "48": [
            13,
            45,
            46,
            47,
            50,
            88
        ],
        "49": [
            28,
            46,
            47,
            50,
            51
        ],
        "50": [
            7,
            10,
            22,
            48,
            49,
            51,
            86
        ],
        "51": [
            49,
            50,
            52,
            53,
            54
        ],
        "52": [
            51,
            53,
            54,
            55
        ],
        "53": [
            12,
            31,
            36,
            51,
            52,
            54,
            55
        ],
        "54": [
            51,
            52,
            53,
            55,
            56,
            57
        ],
        "55": [
            52,
            53,
            54,
            56,
            58,
            86
        ],
        "56": [
            54,
            55,
            57,
            58,
            59
        ],
        "57": [
            54,
            56,
            58,
            59,
            60
        ],
        "58": [
            33,
            55,
            56,
            57,
            59,
            60,
            61
        ],
        "59": [
            39,
            56,
            57,
            58,
            60,
            61,
            62,
            83
        ],
        "60": [
            57,
            58,
            59,
            61,
            62,
            63
        ],
        "61": [
            31,
            58,
            59,
            60,
            62,
            64
        ],
        "62": [
            3,
            9,
            38,
            59,
            60,
            61,
            63,
            64,
            77
        ],
        "63": [
            60,
            62,
            64,
            65,
            70
        ],
        "64": [
            61,
            62,
            63,
            65,
            66,
            67
        ],
        "65": [
            21,
            63,
            64,
            66,
            67,
            87
        ],